High,Medium,Low
,,
Gambia,Switzerland,Egypt
Russia,Serbia,Saudi Arabia
Lithuania,Luxembourg,Vietnam
Georgia,Uruguay,South Africa
Belarus,Argentina,Mexico
Latvia,Sweden,Turkey
Kazakhstan,Slovenia,Chile
Germany,Ireland,Algeria
Iceland,Poland,India
Italy,South Korea,Ecuador
Slovakia,Norway,Malaysia
Japan,Netherlands,Colombia
Estonia,Portugal,Peru
Czech Republic,Brazil,Costa Rica
France,Canada,Iran
Spain,Cambodia,Thailand
Australia,United Kingdom,Philippines
Finland,Jordan,Nigeria
Hungary,Kuwait,Ghana
Austria,Qatar,Pakistan
Brunei,Singapore,Myanmar
Israel,Sri Lanka,Indonesia
Belgium,Panama,USA
Croatia,China,
Greece,United Arab Emirates,
Denmark,,
New Zealand,,
